Бренд,Товар,Ссылка
Two Kings,Водолазка,https://www.wildberries.ru/catalog/9947066/detail.aspx?targetUrl=GP
MEXX,Водолазка,https://www.wildberries.ru/catalog/10562444/detail.aspx?targetUrl=GP
O'STIN,Водолазка,https://www.wildberries.ru/catalog/10397597/detail.aspx?targetUrl=GP
HUGO,Водолазка,https://www.wildberries.ru/catalog/10346500/detail.aspx?targetUrl=GP
Oscar Cordoba,Водолазка,https://www.wildberries.ru/catalog/8938298/detail.aspx?targetUrl=GP
MEXX,Водолазка,https://www.wildberries.ru/catalog/10562442/detail.aspx?targetUrl=GP
Two Kings,Водолазка,https://www.wildberries.ru/catalog/9947067/detail.aspx?targetUrl=GP
Oscar Cordoba,Водолазка,https://www.wildberries.ru/catalog/8664189/detail.aspx?targetUrl=GP
HUGO,Водолазка,https://www.wildberries.ru/catalog/8984042/detail.aspx?targetUrl=GP
Free age Fashion,Водолазка,https://www.wildberries.ru/catalog/10944009/detail.aspx?targetUrl=GP
MEXX,Водолазка,https://www.wildberries.ru/catalog/10562443/detail.aspx?targetUrl=GP
MEXX,Водолазка,https://www.wildberries.ru/catalog/10262372/detail.aspx?targetUrl=GP
Free age Fashion,Водолазка,https://www.wildberries.ru/catalog/10944010/detail.aspx?targetUrl=GP
Free age Fashion,Водолазка,https://www.wildberries.ru/catalog/10944012/detail.aspx?targetUrl=GP
Корона,Водолазка,https://www.wildberries.ru/catalog/9671369/detail.aspx?targetUrl=GP
Modis,Водолазка,https://www.wildberries.ru/catalog/10582291/detail.aspx?targetUrl=GP
MAER,Водолазка,https://www.wildberries.ru/catalog/8792989/detail.aspx?targetUrl=GP
Oscar Cordoba,Водолазка,https://www.wildberries.ru/catalog/8938296/detail.aspx?targetUrl=GP
HUGO,Водолазка,https://www.wildberries.ru/catalog/9203527/detail.aspx?targetUrl=GP
HENDERSON,Водолазка,https://www.wildberries.ru/catalog/9238942/detail.aspx?targetUrl=GP
O'STIN,Водолазка,https://www.wildberries.ru/catalog/7195921/detail.aspx?targetUrl=GP
Helly Hansen,Водолазка,https://www.wildberries.ru/catalog/12867832/detail.aspx?targetUrl=GP
Cubo Nero,Водолазка,https://www.wildberries.ru/catalog/6416749/detail.aspx?targetUrl=GP
TOM TAILOR,Водолазка,https://www.wildberries.ru/catalog/9191212/detail.aspx?targetUrl=GP
Camp David,Водолазка,https://www.wildberries.ru/catalog/10481781/detail.aspx?targetUrl=GP
Camp David,Водолазка,https://www.wildberries.ru/catalog/10481782/detail.aspx?targetUrl=GP
oodji,Водолазка,https://www.wildberries.ru/catalog/4483916/detail.aspx?targetUrl=GP
Doctor TM,Водолазка,https://www.wildberries.ru/catalog/11082553/detail.aspx?targetUrl=GP
Oscar Cordoba,Водолазка,https://www.wildberries.ru/catalog/8664188/detail.aspx?targetUrl=GP
S.OLIVER,Водолазка,https://www.wildberries.ru/catalog/9864412/detail.aspx?targetUrl=GP
Oscar Cordoba,Водолазка,https://www.wildberries.ru/catalog/8664185/detail.aspx?targetUrl=GP
Oscar Cordoba,Водолазка,https://www.wildberries.ru/catalog/8938292/detail.aspx?targetUrl=GP
SVTR,Водолазка,https://www.wildberries.ru/catalog/8154999/detail.aspx?targetUrl=GP
SLINE,Водолазка,https://www.wildberries.ru/catalog/10585558/detail.aspx?targetUrl=GP
S.OLIVER,Водолазка,https://www.wildberries.ru/catalog/9858260/detail.aspx?targetUrl=GP
R&I,Водолазка,https://www.wildberries.ru/catalog/9960687/detail.aspx?targetUrl=GP
MEXX,Водолазка,https://www.wildberries.ru/catalog/10562445/detail.aspx?targetUrl=GP
Oscar Cordoba,Водолазка,https://www.wildberries.ru/catalog/8664187/detail.aspx?targetUrl=GP
TOM TAILOR,Водолазка,https://www.wildberries.ru/catalog/9191394/detail.aspx?targetUrl=GP
United Colors of Benetton,Водолазка,https://www.wildberries.ru/catalog/9001546/detail.aspx?targetUrl=GP
Oscar Cordoba,Водолазка,https://www.wildberries.ru/catalog/8664183/detail.aspx?targetUrl=GP
Westrenger,Водолазка,https://www.wildberries.ru/catalog/10609359/detail.aspx?targetUrl=GP
ЧЕБОКСАРСКИЙ ТРИКОТАЖ,Водолазка,https://www.wildberries.ru/catalog/10035168/detail.aspx?targetUrl=GP
R&I,Водолазка,https://www.wildberries.ru/catalog/9960688/detail.aspx?targetUrl=GP
S.OLIVER,Водолазка,https://www.wildberries.ru/catalog/9858259/detail.aspx?targetUrl=GP
TOM TAILOR,Водолазка,https://www.wildberries.ru/catalog/9191211/detail.aspx?targetUrl=GP
Begood,Водолазка,https://www.wildberries.ru/catalog/8757797/detail.aspx?targetUrl=GP
Oscar Cordoba,Водолазка,https://www.wildberries.ru/catalog/8938297/detail.aspx?targetUrl=GP
РКР,Водолазка,https://www.wildberries.ru/catalog/12411459/detail.aspx?targetUrl=GP
HUGO,Водолазка,https://www.wildberries.ru/catalog/8984043/detail.aspx?targetUrl=GP
Носочно-перчаточная фабрика ВИКТОРИЯ,Водолазка,https://www.wildberries.ru/catalog/11268929/detail.aspx?targetUrl=GP
Modis,Водолазка,https://www.wildberries.ru/catalog/9381049/detail.aspx?targetUrl=GP
MAER,Водолазка,https://www.wildberries.ru/catalog/8792985/detail.aspx?targetUrl=GP
KANZLER,Водолазка,https://www.wildberries.ru/catalog/10651193/detail.aspx?targetUrl=GP
ЧЕБОКСАРСКИЙ ТРИКОТАЖ,Водолазка,https://www.wildberries.ru/catalog/11007113/detail.aspx?targetUrl=GP
Baon,Водолазка,https://www.wildberries.ru/catalog/9624324/detail.aspx?targetUrl=GP
Gepard,Водолазка,https://www.wildberries.ru/catalog/6430765/detail.aspx?targetUrl=GP
HUGO,Водолазка,https://www.wildberries.ru/catalog/10346499/detail.aspx?targetUrl=GP
HUGO,Водолазка,https://www.wildberries.ru/catalog/8733364/detail.aspx?targetUrl=GP
Two Kings,Водолазка,https://www.wildberries.ru/catalog/10295666/detail.aspx?targetUrl=GP
Befree,Водолазка,https://www.wildberries.ru/catalog/10581162/detail.aspx?targetUrl=GP
PEPE JEANS LONDON,Водолазка,https://www.wildberries.ru/catalog/11218165/detail.aspx?targetUrl=GP
Two Kings,Водолазка,https://www.wildberries.ru/catalog/10295663/detail.aspx?targetUrl=GP
MAER,Водолазка,https://www.wildberries.ru/catalog/10004073/detail.aspx?targetUrl=GP
HENDERSON,Водолазка,https://www.wildberries.ru/catalog/9238995/detail.aspx?targetUrl=GP
Senatori,Водолазка,https://www.wildberries.ru/catalog/10602417/detail.aspx?targetUrl=GP
Envy Lab,Водолазка,https://www.wildberries.ru/catalog/9512620/detail.aspx?targetUrl=GP
HUGO,Водолазка,https://www.wildberries.ru/catalog/9203528/detail.aspx?targetUrl=GP
PULLTON,Водолазка,https://www.wildberries.ru/catalog/10638804/detail.aspx?targetUrl=GP
THE GANGSTER,Водолазка,https://www.wildberries.ru/catalog/11005239/detail.aspx?targetUrl=GP
modify,Водолазка,https://www.wildberries.ru/catalog/10725976/detail.aspx?targetUrl=GP
Senatori,Водолазка,https://www.wildberries.ru/catalog/10388300/detail.aspx?targetUrl=GP
Senatori,Водолазка,https://www.wildberries.ru/catalog/10388301/detail.aspx?targetUrl=GP
ANDER WELT,Водолазка,https://www.wildberries.ru/catalog/4780144/detail.aspx?targetUrl=GP
HUGO,Водолазка,https://www.wildberries.ru/catalog/10346553/detail.aspx?targetUrl=GP
Cubo Nero,Водолазка,https://www.wildberries.ru/catalog/6892468/detail.aspx?targetUrl=GP
Gepard,Водолазка,https://www.wildberries.ru/catalog/5172359/detail.aspx?targetUrl=GP
Broadway,Водолазка,https://www.wildberries.ru/catalog/10290496/detail.aspx?targetUrl=GP
oodji,Водолазка,https://www.wildberries.ru/catalog/10307556/detail.aspx?targetUrl=GP
Gepard,Водолазка,https://www.wildberries.ru/catalog/9421067/detail.aspx?targetUrl=GP
ТВОЕ,Водолазка,https://www.wildberries.ru/catalog/9539784/detail.aspx?targetUrl=GP
Cubo Nero,Водолазка,https://www.wildberries.ru/catalog/7321446/detail.aspx?targetUrl=GP
MATERIA,Водолазка,https://www.wildberries.ru/catalog/9652640/detail.aspx?targetUrl=GP
Westrenger,Водолазка,https://www.wildberries.ru/catalog/10609363/detail.aspx?targetUrl=GP
Intimidea,Водолазка,https://www.wildberries.ru/catalog/3185204/detail.aspx?targetUrl=GP
ANDER WELT,Водолазка,https://www.wildberries.ru/catalog/4644664/detail.aspx?targetUrl=GP
PULLTON,Водолазка,https://www.wildberries.ru/catalog/10638786/detail.aspx?targetUrl=GP
HUGO,Водолазка,https://www.wildberries.ru/catalog/8984240/detail.aspx?targetUrl=GP
Diona,Водолазка,https://www.wildberries.ru/catalog/6881596/detail.aspx?targetUrl=GP
Lacoste,Водолазка,https://www.wildberries.ru/catalog/9467810/detail.aspx?targetUrl=GP
MANGO MAN,Водолазка,https://www.wildberries.ru/catalog/10227443/detail.aspx?targetUrl=GP
oodji,Водолазка,https://www.wildberries.ru/catalog/10215745/detail.aspx?targetUrl=GP
MAER,Водолазка,https://www.wildberries.ru/catalog/8792986/detail.aspx?targetUrl=GP
PULLTON,Водолазка,https://www.wildberries.ru/catalog/11295972/detail.aspx?targetUrl=GP
Envy Lab,Водолазка,https://www.wildberries.ru/catalog/9512621/detail.aspx?targetUrl=GP
Oscar Cordoba,Водолазка,https://www.wildberries.ru/catalog/8664184/detail.aspx?targetUrl=GP
PULLTON,Водолазка,https://www.wildberries.ru/catalog/10638780/detail.aspx?targetUrl=GP
Rikos,Водолазка,https://www.wildberries.ru/catalog/8697071/detail.aspx?targetUrl=GP
S.OLIVER,Водолазка,https://www.wildberries.ru/catalog/9112467/detail.aspx?targetUrl=GP
HUGO,Водолазка,https://www.wildberries.ru/catalog/8733358/detail.aspx?targetUrl=GP
