Бренд,Товар,Ссылка,Фото
Two Kings,Водолазка,https://www.wildberries.ru/catalog/9947066/detail.aspx?targetUrl=GP,"<img alt=""Водолазка Two Kings"" class=""thumbnail"" src=""//img2.wbstatic.net/c252x336/new/9940000/9947066-1.jpg""/>"
MEXX,Водолазка,https://www.wildberries.ru/catalog/10562444/detail.aspx?targetUrl=GP,"<img alt=""Водолазка MEXX"" class=""thumbnail"" src=""//img2.wbstatic.net/c252x336/new/10560000/10562444-1.jpg""/>"
O'STIN,Водолазка,https://www.wildberries.ru/catalog/10397597/detail.aspx?targetUrl=GP,"<img alt=""Водолазка O'STIN"" class=""thumbnail"" src=""//img1.wbstatic.net/c252x336/new/10390000/10397597-1.jpg""/>"
MEXX,Водолазка,https://www.wildberries.ru/catalog/10562442/detail.aspx?targetUrl=GP,"<img alt=""Водолазка MEXX"" class=""thumbnail"" src=""//img2.wbstatic.net/c252x336/new/10560000/10562442-1.jpg""/>"
HUGO,Водолазка,https://www.wildberries.ru/catalog/10346500/detail.aspx?targetUrl=GP,"<img alt=""Водолазка HUGO"" class=""thumbnail"" src=""//img2.wbstatic.net/c252x336/new/10340000/10346500-1.jpg""/>"
Two Kings,Водолазка,https://www.wildberries.ru/catalog/9947067/detail.aspx?targetUrl=GP,"<img alt=""Водолазка Two Kings"" class=""thumbnail"" src=""//img1.wbstatic.net/c252x336/new/9940000/9947067-1.jpg""/>"
MEXX,Водолазка,https://www.wildberries.ru/catalog/10562443/detail.aspx?targetUrl=GP,"<img alt=""Водолазка MEXX"" class=""thumbnail"" src=""//img1.wbstatic.net/c252x336/new/10560000/10562443-1.jpg""/>"
Oscar Cordoba,Водолазка,https://www.wildberries.ru/catalog/8664189/detail.aspx?targetUrl=GP,"<img alt=""Водолазка Oscar Cordoba"" class=""thumbnail"" src=""//img1.wbstatic.net/c252x336/new/8660000/8664189-1.jpg""/>"
HUGO,Водолазка,https://www.wildberries.ru/catalog/8984042/detail.aspx?targetUrl=GP,"<img alt=""Водолазка HUGO"" class=""thumbnail"" src=""//img2.wbstatic.net/c252x336/new/8980000/8984042-1.jpg""/>"
Free age Fashion,Водолазка,https://www.wildberries.ru/catalog/10944009/detail.aspx?targetUrl=GP,"<img alt=""Водолазка Free age Fashion"" class=""thumbnail"" src=""//img1.wbstatic.net/c252x336/new/10940000/10944009-1.jpg""/>"
MEXX,Водолазка,https://www.wildberries.ru/catalog/10262372/detail.aspx?targetUrl=GP,"<img alt=""Водолазка MEXX"" class=""thumbnail"" data-original=""//img2.wbstatic.net/c252x336/new/10260000/10262372-1.jpg"" src="" //static.wbstatic.net/i/blank.gif""/>"
Корона,Водолазка,https://www.wildberries.ru/catalog/9671369/detail.aspx?targetUrl=GP,"<img alt=""Водолазка Корона"" class=""thumbnail"" data-original=""//img1.wbstatic.net/c252x336/new/9670000/9671369-1.jpg"" src="" //static.wbstatic.net/i/blank.gif""/>"
Free age Fashion,Водолазка,https://www.wildberries.ru/catalog/10944010/detail.aspx?targetUrl=GP,"<img alt=""Водолазка Free age Fashion"" class=""thumbnail"" data-original=""//img2.wbstatic.net/c252x336/new/10940000/10944010-1.jpg"" src="" //static.wbstatic.net/i/blank.gif""/>"
Free age Fashion,Водолазка,https://www.wildberries.ru/catalog/10944012/detail.aspx?targetUrl=GP,"<img alt=""Водолазка Free age Fashion"" class=""thumbnail"" data-original=""//img2.wbstatic.net/c252x336/new/10940000/10944012-1.jpg"" src="" //static.wbstatic.net/i/blank.gif""/>"
Oscar Cordoba,Водолазка,https://www.wildberries.ru/catalog/8938298/detail.aspx?targetUrl=GP,"<img alt=""Водолазка Oscar Cordoba"" class=""thumbnail"" data-original=""//img2.wbstatic.net/c252x336/new/8930000/8938298-1.jpg"" src="" //static.wbstatic.net/i/blank.gif""/>"
Modis,Водолазка,https://www.wildberries.ru/catalog/10582291/detail.aspx?targetUrl=GP,"<img alt=""Водолазка Modis"" class=""thumbnail"" data-original=""//img1.wbstatic.net/c252x336/new/10580000/10582291-1.jpg"" src="" //static.wbstatic.net/i/blank.gif""/>"
Oscar Cordoba,Водолазка,https://www.wildberries.ru/catalog/8938296/detail.aspx?targetUrl=GP,"<img alt=""Водолазка Oscar Cordoba"" class=""thumbnail"" data-original=""//img2.wbstatic.net/c252x336/new/8930000/8938296-1.jpg"" src="" //static.wbstatic.net/i/blank.gif""/>"
MAER,Водолазка,https://www.wildberries.ru/catalog/8792989/detail.aspx?targetUrl=GP,"<img alt=""Водолазка MAER"" class=""thumbnail"" data-original=""//img1.wbstatic.net/c252x336/new/8790000/8792989-1.jpg"" src="" //static.wbstatic.net/i/blank.gif""/>"
HUGO,Водолазка,https://www.wildberries.ru/catalog/9203527/detail.aspx?targetUrl=GP,"<img alt=""Водолазка HUGO"" class=""thumbnail"" data-original=""//img1.wbstatic.net/c252x336/new/9200000/9203527-1.jpg"" src="" //static.wbstatic.net/i/blank.gif""/>"
Helly Hansen,Водолазка,https://www.wildberries.ru/catalog/12867832/detail.aspx?targetUrl=GP,"<img alt=""Водолазка Helly Hansen"" class=""thumbnail"" data-original=""//img2.wbstatic.net/c252x336/new/12860000/12867832-1.jpg"" src="" //static.wbstatic.net/i/blank.gif""/>"
O'STIN,Водолазка,https://www.wildberries.ru/catalog/7195921/detail.aspx?targetUrl=GP,"<img alt=""Водолазка O'STIN"" class=""thumbnail"" data-original=""//img1.wbstatic.net/c252x336/new/7190000/7195921-1.jpg"" src="" //static.wbstatic.net/i/blank.gif""/>"
Doctor TM,Водолазка,https://www.wildberries.ru/catalog/11082553/detail.aspx?targetUrl=GP,"<img alt=""Водолазка Doctor TM"" class=""thumbnail"" data-original=""//img1.wbstatic.net/c252x336/new/11080000/11082553-1.jpg"" src="" //static.wbstatic.net/i/blank.gif""/>"
Cubo Nero,Водолазка,https://www.wildberries.ru/catalog/6416749/detail.aspx?targetUrl=GP,"<img alt=""Водолазка Cubo Nero"" class=""thumbnail"" data-original=""//img1.wbstatic.net/c252x336/new/6410000/6416749-1.jpg"" src="" //static.wbstatic.net/i/blank.gif""/>"
oodji,Водолазка,https://www.wildberries.ru/catalog/4483916/detail.aspx?targetUrl=GP,"<img alt=""Водолазка oodji"" class=""thumbnail"" data-original=""//img2.wbstatic.net/c252x336/new/4480000/4483916-1.jpg"" src="" //static.wbstatic.net/i/blank.gif""/>"
TOM TAILOR,Водолазка,https://www.wildberries.ru/catalog/9191212/detail.aspx?targetUrl=GP,"<img alt=""Водолазка TOM TAILOR"" class=""thumbnail"" data-original=""//img2.wbstatic.net/c252x336/new/9190000/9191212-1.jpg"" src="" //static.wbstatic.net/i/blank.gif""/>"
Camp David,Водолазка,https://www.wildberries.ru/catalog/10481781/detail.aspx?targetUrl=GP,"<img alt=""Водолазка Camp David"" class=""thumbnail"" data-original=""//img1.wbstatic.net/c252x336/new/10480000/10481781-1.jpg"" src="" //static.wbstatic.net/i/blank.gif""/>"
Oscar Cordoba,Водолазка,https://www.wildberries.ru/catalog/8664188/detail.aspx?targetUrl=GP,"<img alt=""Водолазка Oscar Cordoba"" class=""thumbnail"" data-original=""//img2.wbstatic.net/c252x336/new/8660000/8664188-1.jpg"" src="" //static.wbstatic.net/i/blank.gif""/>"
Camp David,Водолазка,https://www.wildberries.ru/catalog/10481782/detail.aspx?targetUrl=GP,"<img alt=""Водолазка Camp David"" class=""thumbnail"" data-original=""//img2.wbstatic.net/c252x336/new/10480000/10481782-1.jpg"" src="" //static.wbstatic.net/i/blank.gif""/>"
HENDERSON,Водолазка,https://www.wildberries.ru/catalog/9238942/detail.aspx?targetUrl=GP,"<img alt=""Водолазка HENDERSON"" class=""thumbnail"" data-original=""//img2.wbstatic.net/c252x336/new/9230000/9238942-1.jpg"" src="" //static.wbstatic.net/i/blank.gif""/>"
Oscar Cordoba,Водолазка,https://www.wildberries.ru/catalog/8664185/detail.aspx?targetUrl=GP,"<img alt=""Водолазка Oscar Cordoba"" class=""thumbnail"" data-original=""//img1.wbstatic.net/c252x336/new/8660000/8664185-1.jpg"" src="" //static.wbstatic.net/i/blank.gif""/>"
S.OLIVER,Водолазка,https://www.wildberries.ru/catalog/9864412/detail.aspx?targetUrl=GP,"<img alt=""Водолазка S.OLIVER"" class=""thumbnail"" data-original=""//img2.wbstatic.net/c252x336/new/9860000/9864412-1.jpg"" src="" //static.wbstatic.net/i/blank.gif""/>"
Westrenger,Водолазка,https://www.wildberries.ru/catalog/10609359/detail.aspx?targetUrl=GP,"<img alt=""Водолазка Westrenger"" class=""thumbnail"" data-original=""//img1.wbstatic.net/c252x336/new/10600000/10609359-1.jpg"" src="" //static.wbstatic.net/i/blank.gif""/>"
MEXX,Водолазка,https://www.wildberries.ru/catalog/10562445/detail.aspx?targetUrl=GP,"<img alt=""Водолазка MEXX"" class=""thumbnail"" data-original=""//img1.wbstatic.net/c252x336/new/10560000/10562445-1.jpg"" src="" //static.wbstatic.net/i/blank.gif""/>"
Oscar Cordoba,Водолазка,https://www.wildberries.ru/catalog/8938292/detail.aspx?targetUrl=GP,"<img alt=""Водолазка Oscar Cordoba"" class=""thumbnail"" data-original=""//img2.wbstatic.net/c252x336/new/8930000/8938292-1.jpg"" src="" //static.wbstatic.net/i/blank.gif""/>"
Oscar Cordoba,Водолазка,https://www.wildberries.ru/catalog/8664187/detail.aspx?targetUrl=GP,"<img alt=""Водолазка Oscar Cordoba"" class=""thumbnail"" data-original=""//img1.wbstatic.net/c252x336/new/8660000/8664187-1.jpg"" src="" //static.wbstatic.net/i/blank.gif""/>"
SLINE,Водолазка,https://www.wildberries.ru/catalog/10585558/detail.aspx?targetUrl=GP,"<img alt=""Водолазка SLINE"" class=""thumbnail"" data-original=""//img2.wbstatic.net/c252x336/new/10580000/10585558-1.jpg"" src="" //static.wbstatic.net/i/blank.gif""/>"
SVTR,Водолазка,https://www.wildberries.ru/catalog/8154999/detail.aspx?targetUrl=GP,"<img alt=""Водолазка SVTR"" class=""thumbnail"" data-original=""//img1.wbstatic.net/c252x336/new/8150000/8154999-1.jpg"" src="" //static.wbstatic.net/i/blank.gif""/>"
S.OLIVER,Водолазка,https://www.wildberries.ru/catalog/9858260/detail.aspx?targetUrl=GP,"<img alt=""Водолазка S.OLIVER"" class=""thumbnail"" data-original=""//img2.wbstatic.net/c252x336/new/9850000/9858260-1.jpg"" src="" //static.wbstatic.net/i/blank.gif""/>"
R&I,Водолазка,https://www.wildberries.ru/catalog/9960687/detail.aspx?targetUrl=GP,"<img alt=""Водолазка R&amp;I"" class=""thumbnail"" data-original=""//img1.wbstatic.net/c252x336/new/9960000/9960687-1.jpg"" src="" //static.wbstatic.net/i/blank.gif""/>"
Oscar Cordoba,Водолазка,https://www.wildberries.ru/catalog/8938297/detail.aspx?targetUrl=GP,"<img alt=""Водолазка Oscar Cordoba"" class=""thumbnail"" data-original=""//img1.wbstatic.net/c252x336/new/8930000/8938297-1.jpg"" src="" //static.wbstatic.net/i/blank.gif""/>"
Носочно-перчаточная фабрика ВИКТОРИЯ,Водолазка,https://www.wildberries.ru/catalog/11268930/detail.aspx?targetUrl=GP,"<img alt=""Водолазка Носочно-перчаточная фабрика ВИКТОРИЯ"" class=""thumbnail"" data-original=""//img2.wbstatic.net/c252x336/new/11260000/11268930-1.jpg"" src="" //static.wbstatic.net/i/blank.gif""/>"
Begood,Водолазка,https://www.wildberries.ru/catalog/8757797/detail.aspx?targetUrl=GP,"<img alt=""Водолазка Begood"" class=""thumbnail"" data-original=""//img1.wbstatic.net/c252x336/new/8750000/8757797-1.jpg"" src="" //static.wbstatic.net/i/blank.gif""/>"
TOM TAILOR,Водолазка,https://www.wildberries.ru/catalog/9191394/detail.aspx?targetUrl=GP,"<img alt=""Водолазка TOM TAILOR"" class=""thumbnail"" data-original=""//img2.wbstatic.net/c252x336/new/9190000/9191394-1.jpg"" src="" //static.wbstatic.net/i/blank.gif""/>"
Носочно-перчаточная фабрика ВИКТОРИЯ,Водолазка,https://www.wildberries.ru/catalog/11268929/detail.aspx?targetUrl=GP,"<img alt=""Водолазка Носочно-перчаточная фабрика ВИКТОРИЯ"" class=""thumbnail"" data-original=""//img1.wbstatic.net/c252x336/new/11260000/11268929-1.jpg"" src="" //static.wbstatic.net/i/blank.gif""/>"
United Colors of Benetton,Водолазка,https://www.wildberries.ru/catalog/9001546/detail.aspx?targetUrl=GP,"<img alt=""Водолазка United Colors of Benetton"" class=""thumbnail"" data-original=""//img2.wbstatic.net/c252x336/new/9000000/9001546-1.jpg"" src="" //static.wbstatic.net/i/blank.gif""/>"
ЧЕБОКСАРСКИЙ ТРИКОТАЖ,Водолазка,https://www.wildberries.ru/catalog/10035168/detail.aspx?targetUrl=GP,"<img alt=""Водолазка ЧЕБОКСАРСКИЙ ТРИКОТАЖ"" class=""thumbnail"" data-original=""//img2.wbstatic.net/c252x336/new/10030000/10035168-1.jpg"" src="" //static.wbstatic.net/i/blank.gif""/>"
R&I,Водолазка,https://www.wildberries.ru/catalog/9960688/detail.aspx?targetUrl=GP,"<img alt=""Водолазка R&amp;I"" class=""thumbnail"" data-original=""//img2.wbstatic.net/c252x336/new/9960000/9960688-1.jpg"" src="" //static.wbstatic.net/i/blank.gif""/>"
S.OLIVER,Водолазка,https://www.wildberries.ru/catalog/9858259/detail.aspx?targetUrl=GP,"<img alt=""Водолазка S.OLIVER"" class=""thumbnail"" data-original=""//img1.wbstatic.net/c252x336/new/9850000/9858259-1.jpg"" src="" //static.wbstatic.net/i/blank.gif""/>"
TOM TAILOR,Водолазка,https://www.wildberries.ru/catalog/9191211/detail.aspx?targetUrl=GP,"<img alt=""Водолазка TOM TAILOR"" class=""thumbnail"" data-original=""//img1.wbstatic.net/c252x336/new/9190000/9191211-1.jpg"" src="" //static.wbstatic.net/i/blank.gif""/>"
Oscar Cordoba,Водолазка,https://www.wildberries.ru/catalog/8664183/detail.aspx?targetUrl=GP,"<img alt=""Водолазка Oscar Cordoba"" class=""thumbnail"" data-original=""//img1.wbstatic.net/c252x336/new/8660000/8664183-1.jpg"" src="" //static.wbstatic.net/i/blank.gif""/>"
РКР,Водолазка,https://www.wildberries.ru/catalog/12411459/detail.aspx?targetUrl=GP,"<img alt=""Водолазка РКР"" class=""thumbnail"" data-original=""//img1.wbstatic.net/c252x336/new/12410000/12411459-1.jpg"" src="" //static.wbstatic.net/i/blank.gif""/>"
HUGO,Водолазка,https://www.wildberries.ru/catalog/8984043/detail.aspx?targetUrl=GP,"<img alt=""Водолазка HUGO"" class=""thumbnail"" data-original=""//img1.wbstatic.net/c252x336/new/8980000/8984043-1.jpg"" src="" //static.wbstatic.net/i/blank.gif""/>"
oodji,Водолазка,https://www.wildberries.ru/catalog/4506382/detail.aspx?targetUrl=GP,"<img alt=""Водолазка oodji"" class=""thumbnail"" data-original=""//img2.wbstatic.net/c252x336/new/4500000/4506382-1.jpg"" src="" //static.wbstatic.net/i/blank.gif""/>"
MAER,Водолазка,https://www.wildberries.ru/catalog/8792985/detail.aspx?targetUrl=GP,"<img alt=""Водолазка MAER"" class=""thumbnail"" data-original=""//img1.wbstatic.net/c252x336/new/8790000/8792985-1.jpg"" src="" //static.wbstatic.net/i/blank.gif""/>"
KANZLER,Водолазка,https://www.wildberries.ru/catalog/10651193/detail.aspx?targetUrl=GP,"<img alt=""Водолазка KANZLER"" class=""thumbnail"" data-original=""//img1.wbstatic.net/c252x336/new/10650000/10651193-1.jpg"" src="" //static.wbstatic.net/i/blank.gif""/>"
Gepard,Водолазка,https://www.wildberries.ru/catalog/6430765/detail.aspx?targetUrl=GP,"<img alt=""Водолазка Gepard"" class=""thumbnail"" data-original=""//img1.wbstatic.net/c252x336/new/6430000/6430765-1.jpg"" src="" //static.wbstatic.net/i/blank.gif""/>"
HUGO,Водолазка,https://www.wildberries.ru/catalog/10346499/detail.aspx?targetUrl=GP,"<img alt=""Водолазка HUGO"" class=""thumbnail"" data-original=""//img1.wbstatic.net/c252x336/new/10340000/10346499-1.jpg"" src="" //static.wbstatic.net/i/blank.gif""/>"
modify,Водолазка,https://www.wildberries.ru/catalog/10725976/detail.aspx?targetUrl=GP,"<img alt=""Водолазка modify"" class=""thumbnail"" data-original=""//img2.wbstatic.net/c252x336/new/10720000/10725976-1.jpg"" src="" //static.wbstatic.net/i/blank.gif""/>"
Modis,Водолазка,https://www.wildberries.ru/catalog/9381049/detail.aspx?targetUrl=GP,"<img alt=""Водолазка Modis"" class=""thumbnail"" data-original=""//img1.wbstatic.net/c252x336/new/9380000/9381049-1.jpg"" src="" //static.wbstatic.net/i/blank.gif""/>"
HUGO,Водолазка,https://www.wildberries.ru/catalog/8733364/detail.aspx?targetUrl=GP,"<img alt=""Водолазка HUGO"" class=""thumbnail"" data-original=""//img2.wbstatic.net/c252x336/new/8730000/8733364-1.jpg"" src="" //static.wbstatic.net/i/blank.gif""/>"
ЧЕБОКСАРСКИЙ ТРИКОТАЖ,Водолазка,https://www.wildberries.ru/catalog/11007113/detail.aspx?targetUrl=GP,"<img alt=""Водолазка ЧЕБОКСАРСКИЙ ТРИКОТАЖ"" class=""thumbnail"" data-original=""//img1.wbstatic.net/c252x336/new/11000000/11007113-1.jpg"" src="" //static.wbstatic.net/i/blank.gif""/>"
Two Kings,Водолазка,https://www.wildberries.ru/catalog/10295666/detail.aspx?targetUrl=GP,"<img alt=""Водолазка Two Kings"" class=""thumbnail"" data-original=""//img2.wbstatic.net/c252x336/new/10290000/10295666-1.jpg"" src="" //static.wbstatic.net/i/blank.gif""/>"
Befree,Водолазка,https://www.wildberries.ru/catalog/10581162/detail.aspx?targetUrl=GP,"<img alt=""Водолазка Befree"" class=""thumbnail"" data-original=""//img2.wbstatic.net/c252x336/new/10580000/10581162-1.jpg"" src="" //static.wbstatic.net/i/blank.gif""/>"
PEPE JEANS LONDON,Водолазка,https://www.wildberries.ru/catalog/11218165/detail.aspx?targetUrl=GP,"<img alt=""Водолазка PEPE JEANS LONDON"" class=""thumbnail"" data-original=""//img1.wbstatic.net/c252x336/new/11210000/11218165-1.jpg"" src="" //static.wbstatic.net/i/blank.gif""/>"
Two Kings,Водолазка,https://www.wildberries.ru/catalog/10295663/detail.aspx?targetUrl=GP,"<img alt=""Водолазка Two Kings"" class=""thumbnail"" data-original=""//img1.wbstatic.net/c252x336/new/10290000/10295663-1.jpg"" src="" //static.wbstatic.net/i/blank.gif""/>"
MAER,Водолазка,https://www.wildberries.ru/catalog/10004073/detail.aspx?targetUrl=GP,"<img alt=""Водолазка MAER"" class=""thumbnail"" data-original=""//img1.wbstatic.net/c252x336/new/10000000/10004073-1.jpg"" src="" //static.wbstatic.net/i/blank.gif""/>"
HENDERSON,Водолазка,https://www.wildberries.ru/catalog/9238995/detail.aspx?targetUrl=GP,"<img alt=""Водолазка HENDERSON"" class=""thumbnail"" data-original=""//img1.wbstatic.net/c252x336/new/9230000/9238995-1.jpg"" src="" //static.wbstatic.net/i/blank.gif""/>"
Senatori,Водолазка,https://www.wildberries.ru/catalog/10602417/detail.aspx?targetUrl=GP,"<img alt=""Водолазка Senatori"" class=""thumbnail"" data-original=""//img1.wbstatic.net/c252x336/new/10600000/10602417-1.jpg"" src="" //static.wbstatic.net/i/blank.gif""/>"
Envy Lab,Водолазка,https://www.wildberries.ru/catalog/9512620/detail.aspx?targetUrl=GP,"<img alt=""Водолазка Envy Lab"" class=""thumbnail"" data-original=""//img2.wbstatic.net/c252x336/new/9510000/9512620-1.jpg"" src="" //static.wbstatic.net/i/blank.gif""/>"
HUGO,Водолазка,https://www.wildberries.ru/catalog/9203528/detail.aspx?targetUrl=GP,"<img alt=""Водолазка HUGO"" class=""thumbnail"" data-original=""//img2.wbstatic.net/c252x336/new/9200000/9203528-1.jpg"" src="" //static.wbstatic.net/i/blank.gif""/>"
PULLTON,Водолазка,https://www.wildberries.ru/catalog/10638804/detail.aspx?targetUrl=GP,"<img alt=""Водолазка PULLTON"" class=""thumbnail"" data-original=""//img2.wbstatic.net/c252x336/new/10630000/10638804-1.jpg"" src="" //static.wbstatic.net/i/blank.gif""/>"
THE GANGSTER,Водолазка,https://www.wildberries.ru/catalog/11005239/detail.aspx?targetUrl=GP,"<img alt=""Водолазка THE GANGSTER"" class=""thumbnail"" data-original=""//img1.wbstatic.net/c252x336/new/11000000/11005239-1.jpg"" src="" //static.wbstatic.net/i/blank.gif""/>"
Senatori,Водолазка,https://www.wildberries.ru/catalog/10388300/detail.aspx?targetUrl=GP,"<img alt=""Водолазка Senatori"" class=""thumbnail"" data-original=""//img2.wbstatic.net/c252x336/new/10380000/10388300-1.jpg"" src="" //static.wbstatic.net/i/blank.gif""/>"
Senatori,Водолазка,https://www.wildberries.ru/catalog/10388301/detail.aspx?targetUrl=GP,"<img alt=""Водолазка Senatori"" class=""thumbnail"" data-original=""//img1.wbstatic.net/c252x336/new/10380000/10388301-1.jpg"" src="" //static.wbstatic.net/i/blank.gif""/>"
ANDER WELT,Водолазка,https://www.wildberries.ru/catalog/4780144/detail.aspx?targetUrl=GP,"<img alt=""Водолазка ANDER WELT"" class=""thumbnail"" data-original=""//img2.wbstatic.net/c252x336/new/4780000/4780144-1.jpg"" src="" //static.wbstatic.net/i/blank.gif""/>"
HUGO,Водолазка,https://www.wildberries.ru/catalog/10346553/detail.aspx?targetUrl=GP,"<img alt=""Водолазка HUGO"" class=""thumbnail"" data-original=""//img1.wbstatic.net/c252x336/new/10340000/10346553-1.jpg"" src="" //static.wbstatic.net/i/blank.gif""/>"
S.OLIVER,Водолазка,https://www.wildberries.ru/catalog/9570905/detail.aspx?targetUrl=GP,"<img alt=""Водолазка S.OLIVER"" class=""thumbnail"" data-original=""//img1.wbstatic.net/c252x336/new/9570000/9570905-1.jpg"" src="" //static.wbstatic.net/i/blank.gif""/>"
Cubo Nero,Водолазка,https://www.wildberries.ru/catalog/6892468/detail.aspx?targetUrl=GP,"<img alt=""Водолазка Cubo Nero"" class=""thumbnail"" data-original=""//img2.wbstatic.net/c252x336/new/6890000/6892468-1.jpg"" src="" //static.wbstatic.net/i/blank.gif""/>"
Baon,Водолазка,https://www.wildberries.ru/catalog/9624324/detail.aspx?targetUrl=GP,"<img alt=""Водолазка Baon"" class=""thumbnail"" data-original=""//img2.wbstatic.net/c252x336/new/9620000/9624324-1.jpg"" src="" //static.wbstatic.net/i/blank.gif""/>"
Envy Lab,Водолазка,https://www.wildberries.ru/catalog/9512621/detail.aspx?targetUrl=GP,"<img alt=""Водолазка Envy Lab"" class=""thumbnail"" data-original=""//img1.wbstatic.net/c252x336/new/9510000/9512621-1.jpg"" src="" //static.wbstatic.net/i/blank.gif""/>"
oodji,Водолазка,https://www.wildberries.ru/catalog/10215745/detail.aspx?targetUrl=GP,"<img alt=""Водолазка oodji"" class=""thumbnail"" data-original=""//img1.wbstatic.net/c252x336/new/10210000/10215745-1.jpg"" src="" //static.wbstatic.net/i/blank.gif""/>"
ТВОЕ,Водолазка,https://www.wildberries.ru/catalog/9539784/detail.aspx?targetUrl=GP,"<img alt=""Водолазка ТВОЕ"" class=""thumbnail"" data-original=""//img2.wbstatic.net/c252x336/new/9530000/9539784-1.jpg"" src="" //static.wbstatic.net/i/blank.gif""/>"
Gepard,Водолазка,https://www.wildberries.ru/catalog/5172359/detail.aspx?targetUrl=GP,"<img alt=""Водолазка Gepard"" class=""thumbnail"" data-original=""//img1.wbstatic.net/c252x336/new/5170000/5172359-1.jpg"" src="" //static.wbstatic.net/i/blank.gif""/>"
Broadway,Водолазка,https://www.wildberries.ru/catalog/10290496/detail.aspx?targetUrl=GP,"<img alt=""Водолазка Broadway"" class=""thumbnail"" data-original=""//img2.wbstatic.net/c252x336/new/10290000/10290496-1.jpg"" src="" //static.wbstatic.net/i/blank.gif""/>"
oodji,Водолазка,https://www.wildberries.ru/catalog/10307556/detail.aspx?targetUrl=GP,"<img alt=""Водолазка oodji"" class=""thumbnail"" data-original=""//img2.wbstatic.net/c252x336/new/10300000/10307556-1.jpg"" src="" //static.wbstatic.net/i/blank.gif""/>"
Gepard,Водолазка,https://www.wildberries.ru/catalog/9421067/detail.aspx?targetUrl=GP,"<img alt=""Водолазка Gepard"" class=""thumbnail"" data-original=""//img1.wbstatic.net/c252x336/new/9420000/9421067-1.jpg"" src="" //static.wbstatic.net/i/blank.gif""/>"
Cubo Nero,Водолазка,https://www.wildberries.ru/catalog/7321446/detail.aspx?targetUrl=GP,"<img alt=""Водолазка Cubo Nero"" class=""thumbnail"" data-original=""//img2.wbstatic.net/c252x336/new/7320000/7321446-1.jpg"" src="" //static.wbstatic.net/i/blank.gif""/>"
MATERIA,Водолазка,https://www.wildberries.ru/catalog/9652640/detail.aspx?targetUrl=GP,"<img alt=""Водолазка MATERIA"" class=""thumbnail"" data-original=""//img2.wbstatic.net/c252x336/new/9650000/9652640-1.jpg"" src="" //static.wbstatic.net/i/blank.gif""/>"
Westrenger,Водолазка,https://www.wildberries.ru/catalog/10609363/detail.aspx?targetUrl=GP,"<img alt=""Водолазка Westrenger"" class=""thumbnail"" data-original=""//img1.wbstatic.net/c252x336/new/10600000/10609363-1.jpg"" src="" //static.wbstatic.net/i/blank.gif""/>"
Oscar Cordoba,Водолазка,https://www.wildberries.ru/catalog/8938293/detail.aspx?targetUrl=GP,"<img alt=""Водолазка Oscar Cordoba"" class=""thumbnail"" data-original=""//img1.wbstatic.net/c252x336/new/8930000/8938293-1.jpg"" src="" //static.wbstatic.net/i/blank.gif""/>"
Intimidea,Водолазка,https://www.wildberries.ru/catalog/3185204/detail.aspx?targetUrl=GP,"<img alt=""Водолазка Intimidea"" class=""thumbnail"" data-original=""//img2.wbstatic.net/c252x336/new/3180000/3185204-1.jpg"" src="" //static.wbstatic.net/i/blank.gif""/>"
ANDER WELT,Водолазка,https://www.wildberries.ru/catalog/4644664/detail.aspx?targetUrl=GP,"<img alt=""Водолазка ANDER WELT"" class=""thumbnail"" data-original=""//img2.wbstatic.net/c252x336/new/4640000/4644664-1.jpg"" src="" //static.wbstatic.net/i/blank.gif""/>"
PULLTON,Водолазка,https://www.wildberries.ru/catalog/10638786/detail.aspx?targetUrl=GP,"<img alt=""Водолазка PULLTON"" class=""thumbnail"" data-original=""//img2.wbstatic.net/c252x336/new/10630000/10638786-1.jpg"" src="" //static.wbstatic.net/i/blank.gif""/>"
HUGO,Водолазка,https://www.wildberries.ru/catalog/8984240/detail.aspx?targetUrl=GP,"<img alt=""Водолазка HUGO"" class=""thumbnail"" data-original=""//img2.wbstatic.net/c252x336/new/8980000/8984240-1.jpg"" src="" //static.wbstatic.net/i/blank.gif""/>"
Diona,Водолазка,https://www.wildberries.ru/catalog/6881596/detail.aspx?targetUrl=GP,"<img alt=""Водолазка Diona"" class=""thumbnail"" data-original=""//img2.wbstatic.net/c252x336/new/6880000/6881596-1.jpg"" src="" //static.wbstatic.net/i/blank.gif""/>"
Lacoste,Водолазка,https://www.wildberries.ru/catalog/9467810/detail.aspx?targetUrl=GP,"<img alt=""Водолазка Lacoste"" class=""thumbnail"" data-original=""//img2.wbstatic.net/c252x336/new/9460000/9467810-1.jpg"" src="" //static.wbstatic.net/i/blank.gif""/>"
MEXX,Водолазка,https://www.wildberries.ru/catalog/10078692/detail.aspx?targetUrl=GP,"<img alt=""Водолазка MEXX"" class=""thumbnail"" data-original=""//img2.wbstatic.net/c252x336/new/10070000/10078692-1.jpg"" src="" //static.wbstatic.net/i/blank.gif""/>"
Oscar Cordoba,Водолазка,https://www.wildberries.ru/catalog/8938295/detail.aspx?targetUrl=GP,"<img alt=""Водолазка Oscar Cordoba"" class=""thumbnail"" data-original=""//img1.wbstatic.net/c252x336/new/8930000/8938295-1.jpg"" src="" //static.wbstatic.net/i/blank.gif""/>"
Корона,Водолазка,https://www.wildberries.ru/catalog/10369335/detail.aspx?targetUrl=GP,"<img alt=""Водолазка Корона"" class=""thumbnail"" data-original=""//img1.wbstatic.net/c252x336/new/10360000/10369335-1.jpg"" src="" //static.wbstatic.net/i/blank.gif""/>"
MAER,Водолазка,https://www.wildberries.ru/catalog/8792986/detail.aspx?targetUrl=GP,"<img alt=""Водолазка MAER"" class=""thumbnail"" data-original=""//img2.wbstatic.net/c252x336/new/8790000/8792986-1.jpg"" src="" //static.wbstatic.net/i/blank.gif""/>"
